,LID,blue,green,nir,obs_mgL,red,station,total,rb,rg,rn,gn,sp1,sp2,month
0,5,0.0705,0.1035,0.0595,2.941176471,0.0875,3,0.2615,1.241134752,0.845410628,1.470588235,1.739495798,0.0955,0.904910628,1
1,5,0.061,0.088,0.036,1.008064516,0.069,3,0.218,1.131147541,0.784090909,1.916666667,2.444444444,0.0785,0.820090909,3
2,5,0.101,0.143,0.134,15.95744681,0.15,3,0.394,1.485148515,1.048951049,1.119402985,1.067164179,0.1465,1.182951049,5
3,5,0.095,0.127,0.119,81.37992472,0.116,3,0.338,1.221052632,0.913385827,0.974789916,1.067226891,0.1215,1.032385827,7
4,5,0.099,0.138,0.106,61.20299145,0.143,3,0.38,1.444444444,1.036231884,1.349056604,1.301886792,0.1405,1.142231884,10
5,5,0.079,0.111,0.083,14.03225806,0.108,3,0.298,1.367088608,0.972972973,1.301204819,1.337349398,0.1095,1.055972973,11
6,5,0.078,0.111,0.076,10,0.106,3,0.295,1.358974359,0.954954955,1.394736842,1.460526316,0.1085,1.030954955,12
7,5,0.092,0.129,0.117,12.99978261,0.1325,3,0.3535,1.440217391,1.027131783,1.132478632,1.102564103,0.13075,1.144131783,10
8,5,0.08,0.113,0.061,16.63747811,0.106,3,0.299,1.325,0.938053097,1.737704918,1.852459016,0.1095,0.999053097,3
9,5,0.085,0.119,0.086,3.3126294,0.107,3,0.311,1.258823529,0.899159664,1.244186047,1.38372093,0.113,0.985159664,3
10,5,0.072,0.1045,0.051,12.58320611,0.0865,3,0.263,1.201388889,0.827751196,1.696078431,2.049019608,0.0955,0.878751196,1
11,5,0.101,0.147,0.147,30.04807692,0.16,3,0.408,1.584158416,1.088435374,1.088435374,1,0.1535,1.235435374,5
12,5,0.073,0.12,0.127,513.762253,0.136,3,0.329,1.863013699,1.133333333,1.070866142,0.94488189,0.128,1.260333333,9
13,5,0.0765,0.103,0.0615,23.97705545,0.093,3,0.2725,1.215686275,0.902912621,1.512195122,1.674796748,0.098,0.964412621,1
14,5,0.086,0.106,0.069,23.0190678,0.096,3,0.288,1.11627907,0.905660377,1.391304348,1.536231884,0.101,0.974660377,2
15,5,0.095,0.132,0.117,436.8751975,0.143,3,0.37,1.505263158,1.083333333,1.222222222,1.128205128,0.1375,1.200333333,10
16,5,0.0515,0.088,0.068,386.4419048,0.0935,3,0.233,1.815533981,1.0625,1.375,1.294117647,0.09075,1.1305,10
17,5,0.078,0.119,0.077,207.0230216,0.123,3,0.32,1.576923077,1.033613445,1.597402597,1.545454545,0.121,1.110613445,11
18,5,0.074,0.1,0.056,48.80922099,0.086,3,0.26,1.162162162,0.86,1.535714286,1.785714286,0.093,0.916,2
19,5,0.079,0.113,0.069,15.99174917,0.0955,3,0.2875,1.208860759,0.845132743,1.384057971,1.637681159,0.10425,0.914132743,3
20,5,0.0775,0.1175,0.065,4.254014599,0.116,3,0.311,1.496774194,0.987234043,1.784615385,1.807692308,0.11675,1.052234043,4
21,5,0.087,0.1245,0.085,13.0341394,0.1235,3,0.335,1.41954023,0.991967871,1.452941176,1.464705882,0.124,1.076967871,4
22,5,0.079,0.12,0.091,385.732093,0.124,3,0.323,1.569620253,1.033333333,1.362637363,1.318681319,0.122,1.124333333,5
23,5,0.086,0.1285,0.111,486.095564,0.1365,3,0.351,1.587209302,1.062256809,1.22972973,1.157657658,0.1325,1.173256809,9
24,5,0.0685,0.1025,0.0455,55.40012302,0.089,3,0.26,1.299270073,0.868292683,1.956043956,2.252747253,0.09575,0.913792683,1
25,5,0.065,0.104,0.047,13.41042849,0.086,3,0.255,1.323076923,0.826923077,1.829787234,2.212765957,0.095,0.873923077,5
26,5,0.094,0.128,0.114,55.64009867,0.134,3,0.356,1.425531915,1.046875,1.175438596,1.122807018,0.131,1.160875,6
27,5,0.062,0.096,0.081,169.8835914,0.1,3,0.258,1.612903226,1.041666667,1.234567901,1.185185185,0.098,1.122666667,6
28,5,0.1195,0.1565,0.1445,249.3779694,0.176,3,0.452,1.472803347,1.124600639,1.21799308,1.083044983,0.16625,1.269100639,10
29,5,0.123,0.155,0.133,87.9391123,0.164,3,0.442,1.333333333,1.058064516,1.233082707,1.165413534,0.1595,1.191064516,10
30,5,0.0785,0.121,0.086,81.11125136,0.1295,3,0.329,1.649681529,1.070247934,1.505813953,1.406976744,0.12525,1.156247934,10
31,5,0.0665,0.1025,0.0645,13.55730538,0.11,3,0.279,1.654135338,1.073170732,1.705426357,1.589147287,0.10625,1.137670732,10
32,5,0.082,0.119,0.106,303.1953591,0.13,3,0.331,1.585365854,1.092436975,1.226415094,1.122641509,0.1245,1.198436975,9
33,5,0.077,0.118,0.099,454.677465,0.124,3,0.319,1.61038961,1.050847458,1.252525253,1.191919192,0.121,1.149847458,10
34,5,0.071,0.119,0.106,10.44246111,0.1325,3,0.3225,1.866197183,1.113445378,1.25,1.122641509,0.12575,1.219445378,11
35,5,0.067,0.094,0.04,2.400532326,0.073,3,0.234,1.089552239,0.776595745,1.825,2.35,0.0835,0.816595745,1
36,5,0.0815,0.1005,0.08,28.26961508,0.087,3,0.269,1.067484663,0.865671642,1.0875,1.25625,0.09375,0.945671642,3
37,5,0.127,0.18,0.132,71.12679601,0.184,3,0.491,1.448818898,1.022222222,1.393939394,1.363636364,0.182,1.154222222,6
38,5,0.078,0.125,0.116,98.61533899,0.142,3,0.345,1.820512821,1.136,1.224137931,1.077586207,0.1335,1.252,10
39,7,0.067,0.109,0.088,134.1448514,0.131,3,0.307,1.955223881,1.201834862,1.488636364,1.238636364,0.12,1.289834862,10
40,5,0.08,0.119,0.074,46.60057016,0.125,3,0.324,1.5625,1.050420168,1.689189189,1.608108108,0.122,1.124420168,11
41,7,0.128,0.159,0.138,3.779745042,0.164,3,0.451,1.28125,1.031446541,1.188405797,1.152173913,0.1615,1.169446541,5
42,5,0.1115,0.1555,0.1315,26.77929658,0.1545,3,0.4215,1.385650224,0.993569132,1.174904943,1.182509506,0.155,1.125069132,5
43,7,0.098,0.136,0.095,29.59920293,0.139,3,0.373,1.418367347,1.022058824,1.463157895,1.431578947,0.1375,1.117058824,6
44,5,0.103,0.153,0.137,62.08894681,0.16,3,0.416,1.553398058,1.045751634,1.167883212,1.116788321,0.1565,1.182751634,7
45,7,0.091,0.121,0.118,234.2065212,0.133,3,0.345,1.461538462,1.099173554,1.127118644,1.025423729,0.127,1.217173554,8
46,3,0.092,0.139,0.137,197.813209,0.15,3,0.381,1.630434783,1.079136691,1.094890511,1.01459854,0.1445,1.216136691,9
47,3,0.085,0.132,0.109,28.83420435,0.139,3,0.356,1.635294118,1.053030303,1.275229358,1.211009174,0.1355,1.162030303,10
48,5,0.108,0.1425,0.107,29.00269542,0.148,3,0.3985,1.37037037,1.038596491,1.38317757,1.331775701,0.14525,1.145596491,10
49,7,0.086,0.118,0.075,29.00269542,0.126,3,0.33,1.465116279,1.06779661,1.68,1.573333333,0.122,1.14279661,10
50,3,0.075,0.123,0.055,29.80160197,0.122,3,0.32,1.626666667,0.991869919,2.218181818,2.236363636,0.1225,1.046869919,11
51,5,0.071,0.11,0.055,29.80160197,0.11,3,0.291,1.549295775,1,2,2,0.11,1.055,11
52,3,0.076,0.121,0.087,31.39191407,0.118,3,0.315,1.552631579,0.975206612,1.356321839,1.390804598,0.1195,1.062206612,11
53,7,0.066,0.103,0.0455,31.39191407,0.104,3,0.273,1.575757576,1.009708738,2.285714286,2.263736264,0.1035,1.055208738,11
54,3,0.075,0.12,0.057,8.570327553,0.112,3,0.307,1.493333333,0.933333333,1.964912281,2.105263158,0.116,0.990333333,11
55,3,0.091,0.148,0.109,30.70265638,0.151,3,0.39,1.659340659,1.02027027,1.385321101,1.357798165,0.1495,1.12927027,12
56,3,0.075,0.121,0.082,28.54206881,0.112,3,0.308,1.493333333,0.925619835,1.365853659,1.475609756,0.1165,1.007619835,12
57,5,0.0695,0.103,0.046,28.54206881,0.091,3,0.2635,1.309352518,0.883495146,1.97826087,2.239130435,0.097,0.929495146,12
58,3,0.121,0.137,0.068,14.32073714,0.112,3,0.37,0.925619835,0.817518248,1.647058824,2.014705882,0.1245,0.885518248,1
59,5,0.132,0.168,0.128,5.159788138,0.163,3,0.463,1.234848485,0.970238095,1.2734375,1.3125,0.1655,1.098238095,5
60,7,0.103,0.129,0.137,67.56508008,0.14,3,0.372,1.359223301,1.085271318,1.02189781,0.941605839,0.1345,1.222271318,8
61,7,0.072,0.107,0.097,264.7490927,0.126,3,0.305,1.75,1.177570093,1.298969072,1.103092784,0.1165,1.274570093,9
62,3,0.069,0.115,0.083,264.7490927,0.125,3,0.309,1.811594203,1.086956522,1.506024096,1.385542169,0.12,1.169956522,9
63,3,0.061,0.116,0.084,116.7301752,0.128,3,0.305,2.098360656,1.103448276,1.523809524,1.380952381,0.122,1.187448276,10
64,7,0.0845,0.12,0.103,116.7301752,0.136,3,0.3405,1.609467456,1.133333333,1.32038835,1.165048544,0.128,1.236333333,10
65,3,0.071,0.109,0.046,75.5602395,0.111,3,0.291,1.563380282,1.018348624,2.413043478,2.369565217,0.11,1.064348624,11
66,3,0.064,0.1,0.058,180.4497788,0.1,3,0.264,1.5625,1,1.724137931,1.724137931,0.1,1.058,11
67,7,0.097,0.12,0.091,180.4497788,0.122,3,0.339,1.257731959,1.016666667,1.340659341,1.318681319,0.121,1.107666667,11
68,3,0.071,0.114,0.032,11.3099333,0.107,3,0.292,1.507042254,0.938596491,3.34375,3.5625,0.1105,0.970596491,12
69,7,0.079,0.104,0.047,11.3099333,0.104,3,0.287,1.316455696,1,2.212765957,2.212765957,0.104,1.047,12
70,3,0.095,0.133,0.048,13.49043989,0.12,3,0.348,1.263157895,0.902255639,2.5,2.770833333,0.1265,0.950255639,12
71,3,0.066,0.103,0.047,24.78807049,0.084,3,0.253,1.272727273,0.815533981,1.787234043,2.191489362,0.0935,0.862533981,1
72,7,0.071,0.092,0.036,88.4208465,0.068,3,0.231,0.957746479,0.739130435,1.888888889,2.555555556,0.08,0.775130435,2
73,3,0.084,0.105,0.037,88.4208465,0.076,3,0.265,0.904761905,0.723809524,2.054054054,2.837837838,0.0905,0.760809524,2
74,7,0.068,0.086,0.041,34.74455692,0.069,3,0.223,1.014705882,0.802325581,1.682926829,2.097560976,0.0775,0.843325581,2
75,7,0.057,0.079,0.034,9.160630592,0.057,3,0.193,1,0.721518987,1.676470588,2.323529412,0.068,0.755518987,3
76,3,0.073,0.095,0.043,25.94030348,0.066,3,0.234,0.904109589,0.694736842,1.534883721,2.209302326,0.0805,0.737736842,3
77,7,0.09,0.126,0.092,10.56932129,0.119,3,0.335,1.322222222,0.944444444,1.293478261,1.369565217,0.1225,1.036444444,4
78,3,0.074,0.119,0.079,16.7904351,0.112,3,0.305,1.513513514,0.941176471,1.417721519,1.506329114,0.1155,1.020176471,5
79,3,0.067,0.112,0.096,422.7660433,0.124,3,0.303,1.850746269,1.107142857,1.291666667,1.166666667,0.118,1.203142857,10
80,3,0.076,0.132,0.154,335.3005312,0.144,3,0.352,1.894736842,1.090909091,0.935064935,0.857142857,0.138,1.244909091,10
81,3,0.084,0.122,0.099,283.3281826,0.13,3,0.336,1.547619048,1.06557377,1.313131313,1.232323232,0.126,1.16457377,10
82,3,0.074,0.123,0.084,271.6301573,0.137,3,0.334,1.851351351,1.113821138,1.630952381,1.464285714,0.13,1.197821138,10
83,3,0.082,0.134,0.072,126.5583525,0.142,3,0.358,1.731707317,1.059701493,1.972222222,1.861111111,0.138,1.131701493,11
84,3,0.073,0.113,0.05,38.52828312,0.114,3,0.3,1.561643836,1.008849558,2.28,2.26,0.1135,1.058849558,11
85,3,0.07,0.112,0.062,21.16985028,0.108,3,0.29,1.542857143,0.964285714,1.741935484,1.806451613,0.11,1.026285714,12
86,3,0.096,0.118,0.046,11.73006584,0.101,3,0.315,1.052083333,0.855932203,2.195652174,2.565217391,0.1095,0.901932203,1
87,3,0.048,0.088,0.036,23.42077331,0.07,3,0.206,1.458333333,0.795454545,1.944444444,2.444444444,0.079,0.831454545,2
88,5,0.091,0.114,0.073,23.42077331,0.096,3,0.301,1.054945055,0.842105263,1.315068493,1.561643836,0.105,0.915105263,2
89,3,0.081,0.1,0.045,18.29114971,0.078,3,0.259,0.962962963,0.78,1.733333333,2.222222222,0.089,0.825,2
90,5,0.052,0.072,0.027,6.739249023,0.053,3,0.177,1.019230769,0.736111111,1.962962963,2.666666667,0.0625,0.763111111,3
91,3,0.08,0.103,0.036,6.739249023,0.078,3,0.261,0.975,0.757281553,2.166666667,2.861111111,0.0905,0.793281553,3
92,3,0.077,0.121,0.083,122.3179475,0.124,3,0.322,1.61038961,1.024793388,1.493975904,1.457831325,0.1225,1.107793388,4
93,5,0.1045,0.145,0.137,157.2553025,0.1575,3,0.407,1.507177033,1.086206897,1.149635036,1.058394161,0.15125,1.223206897,5
94,5,0.105,0.134,0.127,178.3312029,0.143,3,0.382,1.361904762,1.067164179,1.125984252,1.05511811,0.1385,1.194164179,10
95,3,0.068,0.115,0.098,178.3312029,0.128,3,0.311,1.882352941,1.113043478,1.306122449,1.173469388,0.1215,1.211043478,10
96,5,0.067,0.115,0.086,231.3229545,0.1255,3,0.3075,1.873134328,1.091304348,1.459302326,1.337209302,0.12025,1.177304348,10
97,3,0.066,0.116,0.094,231.3229545,0.122,3,0.304,1.848484848,1.051724138,1.29787234,1.234042553,0.119,1.145724138,10
98,3,0.07,0.112,0.08,167.9541034,0.115,3,0.297,1.642857143,1.026785714,1.4375,1.4,0.1135,1.106785714,10
99,3,0.073,0.115,0.058,135.2283625,0.118,3,0.306,1.616438356,1.026086957,2.034482759,1.982758621,0.1165,1.084086957,11
100,5,0.0775,0.116,0.0795,135.2283625,0.119,3,0.3125,1.535483871,1.025862069,1.496855346,1.459119497,0.1175,1.105362069,11
101,3,0.08,0.119,0.077,120.0481868,0.119,3,0.318,1.4875,1,1.545454545,1.545454545,0.119,1.077,11
102,5,0.1,0.127,0.1005,120.0481868,0.129,3,0.356,1.29,1.015748031,1.28358209,1.263681592,0.128,1.116248031,11
103,3,0.076,0.111,0.049,107.5471187,0.104,3,0.291,1.368421053,0.936936937,2.12244898,2.265306122,0.1075,0.985936937,12
104,5,0.104,0.127,0.076,6.620000984,0.112,3,0.343,1.076923077,0.881889764,1.473684211,1.671052632,0.1195,0.957889764,12
105,3,0.063,0.101,0.062,6.620000984,0.095,3,0.259,1.507936508,0.940594059,1.532258065,1.629032258,0.098,1.002594059,12
106,3,0.074,0.119,0.06,13.03037817,0.11,3,0.303,1.486486486,0.924369748,1.833333333,1.983333333,0.1145,0.984369748,12
107,5,0.102,0.123,0.073,13.03037817,0.109,3,0.334,1.068627451,0.886178862,1.493150685,1.684931507,0.116,0.959178862,12
108,3,0.083,0.124,0.086,9.000171003,0.117,3,0.324,1.409638554,0.943548387,1.360465116,1.441860465,0.1205,1.029548387,1
109,3,0.072,0.097,0.037,13.00057881,0.074,3,0.243,1.027777778,0.762886598,2,2.621621622,0.0855,0.799886598,1
110,5,0.0655,0.095,0.046,10.00064904,0.073,3,0.2335,1.114503817,0.768421053,1.586956522,2.065217391,0.084,0.814421053,2
111,3,0.046,0.075,0.026,10.00064904,0.054,3,0.175,1.173913043,0.72,2.076923077,2.884615385,0.0645,0.746,2
112,3,0.058,0.087,0.03,5.999796192,0.07,3,0.215,1.206896552,0.804597701,2.333333333,2.9,0.0785,0.834597701,2
113,3,0.079,0.117,0.087,8.000228293,0.112,3,0.308,1.417721519,0.957264957,1.287356322,1.344827586,0.1145,1.044264957,3
114,5,0.108,0.143,0.099,18.99961003,0.143,3,0.394,1.324074074,1,1.444444444,1.444444444,0.143,1.099,4
115,5,0.1,0.146,0.135,43.00005009,0.155,3,0.401,1.55,1.061643836,1.148148148,1.081481481,0.1505,1.196643836,6
116,5,0.091,0.128,0.113,37.00004912,0.132,3,0.351,1.450549451,1.03125,1.168141593,1.132743363,0.13,1.14425,6
117,3,0.08,0.118,0.047,17.99960886,0.109,3,0.307,1.3625,0.923728814,2.319148936,2.510638298,0.1135,0.970728814,12
118,5,0.0805,0.1095,0.0545,9.999351821,0.092,3,0.282,1.142857143,0.840182648,1.688073394,2.009174312,0.10075,0.894682648,1
119,3,0.056,0.088,0.047,3.000297009,0.071,3,0.215,1.267857143,0.806818182,1.510638298,1.872340426,0.0795,0.853818182,2
120,5,0.093,0.114,0.0825,3.000297009,0.1025,3,0.3095,1.102150538,0.899122807,1.242424242,1.381818182,0.10825,0.981622807,2
121,3,0.054,0.089,0.062,1.999414026,0.08,3,0.223,1.481481481,0.898876404,1.290322581,1.435483871,0.0845,0.960876404,2
122,3,0.067,0.094,0.037,6.999042778,0.076,3,0.237,1.134328358,0.808510638,2.054054054,2.540540541,0.085,0.845510638,3
123,5,0.115,0.163,0.144,37.99978294,0.171,3,0.449,1.486956522,1.049079755,1.1875,1.131944444,0.167,1.193079755,5
124,5,0.086,0.128,0.08,54.00008569,0.119,3,0.333,1.38372093,0.9296875,1.4875,1.6,0.1235,1.0096875,5
125,3,0.075,0.123,0.077,54.00008569,0.117,3,0.315,1.56,0.951219512,1.519480519,1.597402597,0.12,1.028219512,5
126,5,0.123,0.159,0.145,149.1477886,0.156,3,0.438,1.268292683,0.981132075,1.075862069,1.096551724,0.1575,1.126132075,6
127,3,0.078,0.122,0.091,751.7438963,0.123,3,0.323,1.576923077,1.008196721,1.351648352,1.340659341,0.1225,1.099196721,8
128,3,0.076,0.117,0.064,596.0847361,0.118,3,0.311,1.552631579,1.008547009,1.84375,1.828125,0.1175,1.072547009,8
129,5,0.103,0.145,0.114,218.4032175,0.15,3,0.398,1.45631068,1.034482759,1.315789474,1.271929825,0.1475,1.148482759,9
130,5,0.081,0.121,0.099,310.3458559,0.128,3,0.33,1.580246914,1.05785124,1.292929293,1.222222222,0.1245,1.15685124,9
131,3,0.071,0.103,0.056,578.522308,0.101,3,0.275,1.422535211,0.980582524,1.803571429,1.839285714,0.102,1.036582524,10
132,3,0.066,0.097,0.058,636.9870241,0.095,3,0.258,1.439393939,0.979381443,1.637931034,1.672413793,0.096,1.037381443,10
133,5,0.066,0.099,0.05,583.6333341,0.092,3,0.257,1.393939394,0.929292929,1.84,1.98,0.0955,0.979292929,11
134,3,0.065,0.105,0.04,583.6333341,0.097,3,0.267,1.492307692,0.923809524,2.425,2.625,0.101,0.963809524,11
135,3,0.075,0.114,0.039,425.0931266,0.105,3,0.294,1.4,0.921052632,2.692307692,2.923076923,0.1095,0.960052632,11
136,3,0.078,0.119,0.056,141.9456741,0.112,3,0.309,1.435897436,0.941176471,2,2.125,0.1155,0.997176471,11
137,5,0.12,0.143,0.096,15.04777271,0.133,3,0.396,1.108333333,0.93006993,1.385416667,1.489583333,0.138,1.02606993,12
138,3,0.068,0.104,0.048,15.04777271,0.096,3,0.268,1.411764706,0.923076923,2,2.166666667,0.1,0.971076923,12
139,3,0.074,0.11,0.062,20.00062878,0.1,3,0.284,1.351351351,0.909090909,1.612903226,1.774193548,0.105,0.971090909,12
140,3,0.062,0.094,0.061,33.00059384,0.081,3,0.237,1.306451613,0.861702128,1.327868852,1.540983607,0.0875,0.922702128,1
141,5,0.149,0.1715,0.141,33.00059384,0.1615,3,0.482,1.083892617,0.941690962,1.145390071,1.216312057,0.1665,1.082690962,1
142,3,0.057,0.089,0.049,2.000792393,0.076,3,0.222,1.333333333,0.853932584,1.551020408,1.816326531,0.0825,0.902932584,1
143,3,0.059,0.09,0.047,3.000798815,0.071,3,0.22,1.203389831,0.788888889,1.510638298,1.914893617,0.0805,0.835888889,2
144,5,0.074,0.097,0.051,3.000798815,0.076,3,0.247,1.027027027,0.783505155,1.490196078,1.901960784,0.0865,0.834505155,2
145,3,0.059,0.089,0.053,40.39011009,0.074,3,0.222,1.254237288,0.831460674,1.396226415,1.679245283,0.0815,0.884460674,3
146,5,0.092,0.13,0.112,210.8646108,0.129,3,0.351,1.402173913,0.992307692,1.151785714,1.160714286,0.1295,1.104307692,5
147,5,0.119,0.164,0.144,424.9987786,0.17,3,0.453,1.428571429,1.036585366,1.180555556,1.138888889,0.167,1.180585366,6
148,3,0.069,0.108,0.08,217.3851557,0.111,3,0.288,1.608695652,1.027777778,1.3875,1.35,0.1095,1.107777778,6
149,5,0.088,0.119,0.081,162.1623623,0.105,3,0.312,1.193181818,0.882352941,1.296296296,1.469135802,0.112,0.963352941,3
150,3,0.059,0.095,0.052,162.1623623,0.074,3,0.228,1.254237288,0.778947368,1.423076923,1.826923077,0.0845,0.830947368,3
151,5,0.102,0.134,0.093,190.3675704,0.115,3,0.351,1.12745098,0.858208955,1.23655914,1.440860215,0.1245,0.951208955,3
152,5,0.084,0.126,0.083,71.43440829,0.123,3,0.333,1.464285714,0.976190476,1.481927711,1.518072289,0.1245,1.059190476,5
153,5,0.107,0.14,0.11,72.77341102,0.135,3,0.382,1.261682243,0.964285714,1.227272727,1.272727273,0.1375,1.074285714,5
154,3,0.096,0.14,0.126,670.696648,0.155,3,0.391,1.614583333,1.107142857,1.23015873,1.111111111,0.1475,1.233142857,8
155,5,0.089,0.114,0.067,760.0009369,0.0945,3,0.2975,1.061797753,0.828947368,1.410447761,1.701492537,0.10425,0.895947368,2
156,3,0.051,0.08,0.037,760.0009369,0.067,3,0.198,1.31372549,0.8375,1.810810811,2.162162162,0.0735,0.8745,2
157,5,0.0625,0.091,0.0385,222.6730731,0.0675,3,0.221,1.08,0.741758242,1.753246753,2.363636364,0.07925,0.780258242,2
158,5,0.15,0.187,0.144,598.8452318,0.186,3,0.523,1.24,0.994652406,1.291666667,1.298611111,0.1865,1.138652406,9
159,5,0.108,0.157,0.136,1279.086595,0.165,3,0.43,1.527777778,1.050955414,1.213235294,1.154411765,0.161,1.186955414,10
160,3,0.078,0.124,0.084,459.9992989,0.137,3,0.339,1.756410256,1.10483871,1.630952381,1.476190476,0.1305,1.18883871,10
161,5,0.0765,0.1325,0.094,459.9992989,0.142,3,0.351,1.85620915,1.071698113,1.510638298,1.409574468,0.13725,1.165698113,10
162,3,0.073,0.114,0.067,364.6029399,0.123,3,0.31,1.684931507,1.078947368,1.835820896,1.701492537,0.1185,1.145947368,10
163,5,0.111,0.136,0.095,619.8630243,0.127,3,0.374,1.144144144,0.933823529,1.336842105,1.431578947,0.1315,1.028823529,11
164,3,0.088,0.134,0.099,539.1923214,0.135,3,0.357,1.534090909,1.007462687,1.363636364,1.353535354,0.1345,1.106462687,11
165,5,0.107,0.128,0.088,539.1923214,0.121,3,0.356,1.130841121,0.9453125,1.375,1.454545455,0.1245,1.0333125,11
166,5,0.071,0.1005,0.045,20.00030883,0.079,3,0.2505,1.112676056,0.786069652,1.755555556,2.233333333,0.08975,0.831069652,1
167,5,0.073,0.102,0.0555,29.99926694,0.0825,3,0.2575,1.130136986,0.808823529,1.486486486,1.837837838,0.09225,0.864323529,2
168,3,0.081,0.129,0.117,250,0.136,3,0.346,1.679012346,1.054263566,1.162393162,1.102564103,0.1325,1.171263566,4
169,5,0.114,0.15,0.134,310.0000606,0.153,3,0.417,1.342105263,1.02,1.141791045,1.119402985,0.1515,1.154,5
170,3,0.071,0.117,0.068,376.19025,0.124,3,0.312,1.746478873,1.05982906,1.823529412,1.720588235,0.1205,1.12782906,10
171,3,0.076,0.119,0.063,396.8690789,0.123,3,0.318,1.618421053,1.033613445,1.952380952,1.888888889,0.121,1.096613445,11
172,3,0.066,0.101,0.055,110.0013973,0.085,3,0.252,1.287878788,0.841584158,1.545454545,1.836363636,0.093,0.896584158,1
173,3,0.067,0.104,0.061,129.9999245,0.085,3,0.256,1.268656716,0.817307692,1.393442623,1.704918033,0.0945,0.878307692,1
174,3,0.101,0.117,0.059,90.00039617,0.096,3,0.314,0.95049505,0.820512821,1.627118644,1.983050847,0.1065,0.879512821,2
175,5,0.079,0.102,0.049,90.00039617,0.077,3,0.258,0.974683544,0.754901961,1.571428571,2.081632653,0.0895,0.803901961,2
176,5,0.101,0.123,0.072,120.0002906,0.1,3,0.324,0.99009901,0.81300813,1.388888889,1.708333333,0.1115,0.88500813,2
177,3,0.061,0.095,0.044,120.0002906,0.077,3,0.233,1.262295082,0.810526316,1.75,2.159090909,0.086,0.854526316,2
178,3,0.069,0.103,0.06,149.9997558,0.089,3,0.261,1.289855072,0.86407767,1.483333333,1.716666667,0.096,0.92407767,4
179,5,0.087,0.125,0.075,190.0000482,0.114,3,0.326,1.310344828,0.912,1.52,1.666666667,0.1195,0.987,4
180,3,0.076,0.11,0.058,208.7286633,0.099,3,0.285,1.302631579,0.9,1.706896552,1.896551724,0.1045,0.958,5
181,5,0.089,0.136,0.121,1369.999969,0.148,3,0.373,1.662921348,1.088235294,1.223140496,1.123966942,0.142,1.209235294,8
182,3,0.074,0.112,0.1,1064.844791,0.111,3,0.297,1.5,0.991071429,1.11,1.12,0.1115,1.091071429,9
183,5,0.084,0.126,0.095,603.2068,0.135,3,0.345,1.607142857,1.071428571,1.421052632,1.326315789,0.1305,1.166428571,9
184,3,0.092,0.127,0.129,603.2068,0.141,3,0.36,1.532608696,1.11023622,1.093023256,0.984496124,0.134,1.23923622,9
185,8,0.096,0.138,0.116,1057.313978,0.148,3,0.382,1.541666667,1.072463768,1.275862069,1.189655172,0.143,1.188463768,8
186,3,0.068,0.109,0.072,1212.668337,0.113,3,0.29,1.661764706,1.036697248,1.569444444,1.513888889,0.111,1.108697248,10
187,3,0.053,0.091,0.039,172.9630437,0.074,3,0.218,1.396226415,0.813186813,1.897435897,2.333333333,0.0825,0.852186813,2
188,8,0.098,0.117,0.065,191.3401715,0.089,3,0.304,0.908163265,0.760683761,1.369230769,1.8,0.103,0.825683761,2
189,8,0.074,0.092,0.04,191.4630358,0.067,3,0.233,0.905405405,0.72826087,1.675,2.3,0.0795,0.76826087,3
190,3,0.046,0.072,0.031,191.4630358,0.056,3,0.174,1.217391304,0.777777778,1.806451613,2.322580645,0.064,0.808777778,3
191,8,0.08,0.1285,0.0735,932.5554846,0.137,3,0.3455,1.7125,1.06614786,1.863945578,1.74829932,0.13275,1.13964786,9
192,3,0.075,0.123,0.097,1142.946602,0.137,3,0.335,1.826666667,1.113821138,1.412371134,1.268041237,0.13,1.210821138,9
193,3,0.066,0.108,0.063,831.9434126,0.114,3,0.288,1.727272727,1.055555556,1.80952381,1.714285714,0.111,1.118555556,10
194,8,0.087,0.119,0.06,831.9434126,0.118,3,0.324,1.356321839,0.991596639,1.966666667,1.983333333,0.1185,1.051596639,10
195,3,0.078,0.113,0.065,760.9506951,0.121,3,0.312,1.551282051,1.07079646,1.861538462,1.738461538,0.117,1.13579646,10
196,8,0.076,0.11,0.039,760.9506951,0.108,3,0.294,1.421052632,0.981818182,2.769230769,2.820512821,0.109,1.020818182,10
197,3,0.07,0.104,0.038,630.7896276,0.102,3,0.276,1.457142857,0.980769231,2.684210526,2.736842105,0.103,1.018769231,11
198,3,0.083,0.125,0.086,514.1485219,0.126,3,0.334,1.518072289,1.008,1.465116279,1.453488372,0.1255,1.094,11
199,8,0.063,0.0955,0.041,372.1511495,0.0815,3,0.24,1.293650794,0.853403141,1.987804878,2.329268293,0.0885,0.894403141,12
200,3,0.058,0.094,0.042,372.1511495,0.086,3,0.238,1.482758621,0.914893617,2.047619048,2.238095238,0.09,0.956893617,12
201,8,0.0875,0.1165,0.0445,384.9677632,0.095,3,0.299,1.085714286,0.815450644,2.134831461,2.617977528,0.10575,0.859950644,12
202,3,0.067,0.101,0.034,384.9677632,0.085,3,0.253,1.268656716,0.841584158,2.5,2.970588235,0.093,0.875584158,12
203,8,0.064,0.084,0.033,162.4579199,0.057,3,0.205,0.890625,0.678571429,1.727272727,2.545454545,0.0705,0.711571429,1
204,3,0.05,0.08,0.045,162.4579199,0.059,3,0.189,1.18,0.7375,1.311111111,1.777777778,0.0695,0.7825,1
205,3,0.046,0.073,0.033,101.9924223,0.055,3,0.174,1.195652174,0.753424658,1.666666667,2.212121212,0.064,0.786424658,2
206,8,0.079,0.101,0.047,101.9924223,0.074,3,0.254,0.936708861,0.732673267,1.574468085,2.14893617,0.0875,0.779673267,2
207,3,0.052,0.089,0.057,142.0280769,0.075,3,0.216,1.442307692,0.842696629,1.315789474,1.561403509,0.082,0.899696629,2
208,3,0.055,0.085,0.052,81.87314841,0.068,3,0.208,1.236363636,0.8,1.307692308,1.634615385,0.0765,0.852,3
209,8,0.0625,0.0835,0.05,202.4229071,0.0645,3,0.2105,1.032,0.77245509,1.29,1.67,0.074,0.82245509,3
210,3,0.056,0.083,0.056,202.4229071,0.066,3,0.205,1.178571429,0.795180723,1.178571429,1.482142857,0.0745,0.851180723,3
211,3,0.051,0.081,0.039,586.5976648,0.062,3,0.194,1.215686275,0.765432099,1.58974359,2.076923077,0.0715,0.804432099,4
212,8,0.086,0.12,0.058,292.2136413,0.114,3,0.32,1.325581395,0.95,1.965517241,2.068965517,0.117,1.008,6
213,8,0.117,0.173,0.1275,238.4040224,0.173,3,0.463,1.478632479,1,1.356862745,1.356862745,0.173,1.1275,8
214,8,0.081,0.123,0.075,507.3929093,0.121,3,0.325,1.49382716,0.983739837,1.613333333,1.64,0.122,1.058739837,9
215,3,0.065,0.102,0.064,171.1481969,0.098,3,0.265,1.507692308,0.960784314,1.53125,1.59375,0.1,1.024784314,10
216,3,0.061,0.099,0.043,41.6602465,0.092,3,0.252,1.508196721,0.929292929,2.139534884,2.302325581,0.0955,0.972292929,10
217,8,0.072,0.099,0.0295,43.04257572,0.086,3,0.257,1.194444444,0.868686869,2.915254237,3.355932203,0.0925,0.898186869,11
218,3,0.057,0.087,0.03,43.04257572,0.079,3,0.223,1.385964912,0.908045977,2.633333333,2.9,0.083,0.938045977,11
219,3,0.06,0.091,0.027,36.79734451,0.078,3,0.229,1.3,0.857142857,2.888888889,3.37037037,0.0845,0.884142857,11
220,8,0.0375,0.0835,0.021,32.41123476,0.059,3,0.18,1.573333333,0.706586826,2.80952381,3.976190476,0.07125,0.727586826,12
221,3,0.063,0.091,0.047,48.35095063,0.08,3,0.234,1.26984127,0.879120879,1.70212766,1.936170213,0.0855,0.926120879,12
222,8,0.075,0.1,0.05,48.35095063,0.078,3,0.253,1.04,0.78,1.56,2,0.089,0.83,12
223,8,0.084,0.103,0.054,76.71200566,0.079,3,0.266,0.94047619,0.766990291,1.462962963,1.907407407,0.091,0.820990291,1
224,3,0.06,0.085,0.044,76.71200566,0.069,3,0.214,1.15,0.811764706,1.568181818,1.931818182,0.077,0.855764706,1
225,3,0.051,0.079,0.044,77.06572388,0.061,3,0.191,1.196078431,0.772151899,1.386363636,1.795454545,0.07,0.816151899,1
226,3,0.049,0.074,0.039,11.26291449,0.056,3,0.179,1.142857143,0.756756757,1.435897436,1.897435897,0.065,0.795756757,2
227,8,0.09,0.1125,0.0655,32.14629113,0.085,3,0.2875,0.944444444,0.755555556,1.297709924,1.717557252,0.09875,0.821055556,3
228,8,0.097,0.133,0.078,85.31976374,0.132,3,0.362,1.360824742,0.992481203,1.692307692,1.705128205,0.1325,1.070481203,5
229,8,0.0905,0.124,0.08,435.3312795,0.1275,3,0.342,1.408839779,1.028225806,1.59375,1.55,0.12575,1.108225806,10
230,8,0.041,0.087,0.038,562.0154414,0.085,3,0.213,2.073170732,0.977011494,2.236842105,2.289473684,0.086,1.015011494,10
231,3,0.068,0.109,0.083,562.0154414,0.12,3,0.297,1.764705882,1.100917431,1.445783133,1.313253012,0.1145,1.183917431,10
232,3,0.072,0.115,0.075,614.2264109,0.125,3,0.312,1.736111111,1.086956522,1.666666667,1.533333333,0.12,1.161956522,10
233,8,0.065,0.1085,0.061,614.2264109,0.116,3,0.2895,1.784615385,1.069124424,1.901639344,1.778688525,0.11225,1.130124424,10
234,3,0.066,0.107,0.057,213.8188339,0.117,3,0.29,1.772727273,1.093457944,2.052631579,1.877192982,0.112,1.150457944,10
235,3,0.071,0.112,0.057,160.6083333,0.108,3,0.291,1.521126761,0.964285714,1.894736842,1.964912281,0.11,1.021285714,11
236,3,0.067,0.105,0.039,25.0813253,0.101,3,0.273,1.507462687,0.961904762,2.58974359,2.692307692,0.103,1.000904762,11
237,8,0.082,0.104,0.033,30.71087076,0.087,3,0.273,1.06097561,0.836538462,2.636363636,3.151515152,0.0955,0.869538462,12
238,3,0.064,0.099,0.038,30.71087076,0.092,3,0.255,1.4375,0.929292929,2.421052632,2.605263158,0.0955,0.967292929,12
239,8,0.107,0.124,0.055,33.18447581,0.103,3,0.334,0.962616822,0.830645161,1.872727273,2.254545455,0.1135,0.885645161,12
240,3,0.057,0.082,0.038,8.463392367,0.06,3,0.199,1.052631579,0.731707317,1.578947368,2.157894737,0.071,0.769707317,1
241,8,0.064,0.095,0.0385,80.05366395,0.0695,3,0.2285,1.0859375,0.731578947,1.805194805,2.467532468,0.08225,0.770078947,1
242,3,0.039,0.06,0.022,80.05366395,0.043,3,0.142,1.102564103,0.716666667,1.954545455,2.727272727,0.0515,0.738666667,1
243,3,0.052,0.08,0.025,9.067399715,0.059,3,0.191,1.134615385,0.7375,2.36,3.2,0.0695,0.7625,2
244,8,0.044,0.073,0.0125,9.067399715,0.045,3,0.162,1.022727273,0.616438356,3.6,5.84,0.059,0.628938356,2
245,8,0.0525,0.075,0.024,5.450801907,0.0495,3,0.177,0.942857143,0.66,2.0625,3.125,0.06225,0.684,2
246,3,0.053,0.081,0.054,86.11018711,0.061,3,0.195,1.150943396,0.75308642,1.12962963,1.5,0.071,0.80708642,3
247,3,0.045,0.073,0.044,6.232371795,0.054,3,0.172,1.2,0.739726027,1.227272727,1.659090909,0.0635,0.783726027,3
248,8,0.098,0.117,0.063,6.232371795,0.095,3,0.31,0.969387755,0.811965812,1.507936508,1.857142857,0.106,0.874965812,3
249,8,0.082,0.111,0.048,9.911267606,0.078,3,0.271,0.951219512,0.702702703,1.625,2.3125,0.0945,0.750702703,4
250,3,0.075,0.115,0.088,34.18609626,0.104,3,0.294,1.386666667,0.904347826,1.181818182,1.306818182,0.1095,0.992347826,5
251,8,0.1035,0.148,0.103,508.9401264,0.1485,3,0.4,1.434782609,1.003378378,1.441747573,1.436893204,0.14825,1.106378378,9
252,8,0.064,0.102,0.055,332.0799894,0.102,3,0.268,1.59375,1,1.854545455,1.854545455,0.102,1.055,9
253,3,0.081,0.12,0.075,290.5818118,0.127,3,0.328,1.567901235,1.058333333,1.693333333,1.6,0.1235,1.133333333,10
254,3,0.066,0.109,0.065,348.3394061,0.117,3,0.292,1.772727273,1.073394495,1.8,1.676923077,0.113,1.138394495,10
255,8,0.08,0.112,0.058,102.5170293,0.112,3,0.304,1.4,1,1.931034483,1.931034483,0.112,1.058,11
256,3,0.063,0.102,0.044,102.5170293,0.104,3,0.269,1.650793651,1.019607843,2.363636364,2.318181818,0.103,1.063607843,11
257,3,0.066,0.101,0.028,27,0.09,3,0.257,1.363636364,0.891089109,3.214285714,3.607142857,0.0955,0.919089109,11
258,3,0.069,0.11,0.059,17.18640777,0.101,3,0.28,1.463768116,0.918181818,1.711864407,1.86440678,0.1055,0.977181818,12
259,8,0.1055,0.142,0.0615,31.99780396,0.133,3,0.3805,1.260663507,0.936619718,2.162601626,2.308943089,0.1375,0.998119718,12
260,3,0.082,0.121,0.044,31.99780396,0.112,3,0.315,1.365853659,0.925619835,2.545454545,2.75,0.1165,0.969619835,12
261,3,0.07,0.101,0.046,3.971818182,0.084,3,0.255,1.2,0.831683168,1.826086957,2.195652174,0.0925,0.877683168,1
262,8,0.084,0.1215,0.051,3.971818182,0.089,3,0.2945,1.05952381,0.732510288,1.745098039,2.382352941,0.10525,0.783510288,1
263,3,0.074,0.088,0.034,4.283472902,0.064,3,0.226,0.864864865,0.727272727,1.882352941,2.588235294,0.076,0.761272727,2
264,8,0.108,0.124,0.082,4.771378709,0.101,3,0.333,0.935185185,0.814516129,1.231707317,1.512195122,0.1125,0.896516129,2
265,3,0.064,0.093,0.072,4.771378709,0.083,3,0.24,1.296875,0.892473118,1.152777778,1.291666667,0.088,0.964473118,2
266,3,0.056,0.086,0.046,8.686346863,0.061,3,0.203,1.089285714,0.709302326,1.326086957,1.869565217,0.0735,0.755302326,3
267,3,0.063,0.102,0.064,12.47666667,0.089,3,0.254,1.412698413,0.87254902,1.390625,1.59375,0.0955,0.93654902,3
268,3,0.053,0.085,0.049,17.30003265,0.068,3,0.206,1.283018868,0.8,1.387755102,1.734693878,0.0765,0.849,4
269,8,0.12,0.157,0.116,228.1737389,0.161,3,0.438,1.341666667,1.025477707,1.387931034,1.353448276,0.159,1.141477707,8
270,8,0.089,0.125,0.092,285.5462295,0.133,3,0.347,1.494382022,1.064,1.445652174,1.358695652,0.129,1.156,9
271,3,0.075,0.118,0.1,247.6200378,0.131,3,0.324,1.746666667,1.110169492,1.31,1.18,0.1245,1.210169492,9
272,8,0.098,0.132,0.086,167.5770115,0.126,3,0.356,1.285714286,0.954545455,1.465116279,1.534883721,0.129,1.040545455,10
273,3,0.073,0.113,0.067,57.19248366,0.117,3,0.303,1.602739726,1.03539823,1.746268657,1.686567164,0.115,1.10239823,10
274,8,0.097,0.129,0.066,57.19248366,0.12,3,0.346,1.237113402,0.930232558,1.818181818,1.954545455,0.1245,0.996232558,10
275,3,0.071,0.11,0.05,51.91422764,0.11,3,0.291,1.549295775,1,2.2,2.2,0.11,1.05,10
276,8,0.0745,0.109,0.044,51.91422764,0.106,3,0.2895,1.422818792,0.972477064,2.409090909,2.477272727,0.1075,1.016477064,10
277,3,0.073,0.116,0.063,50.32385321,0.121,3,0.31,1.657534247,1.043103448,1.920634921,1.841269841,0.1185,1.106103448,11
278,8,0.09,0.1165,0.052,41.70944444,0.112,3,0.3185,1.244444444,0.961373391,2.153846154,2.240384615,0.11425,1.013373391,11
279,3,0.065,0.099,0.036,41.70944444,0.093,3,0.257,1.430769231,0.939393939,2.583333333,2.75,0.096,0.975393939,11
280,3,0.062,0.098,0.03,52.69811321,0.089,3,0.249,1.435483871,0.908163265,2.966666667,3.266666667,0.0935,0.938163265,11
281,3,0.06,0.095,0.042,60.16528926,0.082,3,0.237,1.366666667,0.863157895,1.952380952,2.261904762,0.0885,0.905157895,12
282,8,0.072,0.1015,0.03,60.16528926,0.0905,3,0.264,1.256944444,0.891625616,3.016666667,3.383333333,0.096,0.921625616,12
283,2,0.105,0.122,0.039,24.20993228,0.101,3,0.328,0.961904762,0.827868852,2.58974359,3.128205128,0.1115,0.866868852,12
284,8,0.0505,0.0915,0.016,24.20993228,0.076,3,0.218,1.504950495,0.830601093,4.75,5.71875,0.08375,0.846601093,12
285,3,0.039,0.074,0.061,19.34278003,0.061,3,0.174,1.564102564,0.824324324,1,1.213114754,0.0675,0.885324324,1
286,2,0.111,0.128,0.055,19.34278003,0.099,3,0.338,0.891891892,0.7734375,1.8,2.327272727,0.1135,0.8284375,1
287,2,0.084,0.103,0.033,21.4673913,0.068,3,0.255,0.80952381,0.660194175,2.060606061,3.121212121,0.0855,0.693194175,1
288,8,0.078,0.093,0.033,21.4673913,0.063,3,0.234,0.807692308,0.677419355,1.909090909,2.818181818,0.078,0.710419355,1
289,3,0.047,0.073,0.038,21.4673913,0.057,3,0.177,1.212765957,0.780821918,1.5,1.921052632,0.065,0.818821918,1
290,2,0.08,0.092,0.032,14.12627291,0.059,3,0.231,0.7375,0.641304348,1.84375,2.875,0.0755,0.673304348,2
291,3,0.047,0.072,0.033,14.12627291,0.057,3,0.176,1.212765957,0.791666667,1.727272727,2.181818182,0.0645,0.824666667,2
292,2,0.075,0.095,0.034,7.905462185,0.062,3,0.232,0.826666667,0.652631579,1.823529412,2.794117647,0.0785,0.686631579,2
293,3,0.05,0.081,0.039,18.45669291,0.059,3,0.19,1.18,0.728395062,1.512820513,2.076923077,0.07,0.767395062,3
294,2,0.064,0.081,0.025,18.45669291,0.05,3,0.195,0.78125,0.617283951,2,3.24,0.0655,0.642283951,3
295,2,0.07,0.091,0.039,7.364912281,0.059,3,0.22,0.842857143,0.648351648,1.512820513,2.333333333,0.075,0.687351648,3
296,2,0.144,0.158,0.086,19.83360791,0.128,3,0.43,0.888888889,0.810126582,1.488372093,1.837209302,0.143,0.896126582,4
297,2,0.092,0.122,0.056,17.08678238,0.106,3,0.32,1.152173913,0.868852459,1.892857143,2.178571429,0.114,0.924852459,4
298,2,0.153,0.168,0.099,9.261044177,0.146,3,0.467,0.954248366,0.869047619,1.474747475,1.696969697,0.157,0.968047619,5
299,3,0.076,0.127,0.117,14.56886792,0.127,3,0.33,1.671052632,1,1.085470085,1.085470085,0.127,1.117,5
300,8,0.085,0.124,0.079,14.56886792,0.119,3,0.328,1.4,0.959677419,1.506329114,1.569620253,0.1215,1.038677419,5
301,2,0.135,0.156,0.107,14.56886792,0.15,3,0.441,1.111111111,0.961538462,1.401869159,1.457943925,0.153,1.068538462,5
302,2,0.107,0.141,0.085,18.14653465,0.138,3,0.386,1.289719626,0.978723404,1.623529412,1.658823529,0.1395,1.063723404,5
303,2,0.122,0.146,0.078,21.46871508,0.135,3,0.403,1.106557377,0.924657534,1.730769231,1.871794872,0.1405,1.002657534,6
304,5,0.075,0.106,0.055,530.1455301,0.093,1,0.274,1.24,0.877358491,1.690909091,1.927272727,0.0995,0.932358491,1
305,5,0.073,0.103,0.07,225.2252252,0.091,1,0.267,1.246575342,0.883495146,1.3,1.471428571,0.097,0.953495146,2
306,5,0.072,0.107,0.066,99.36708861,0.105,1,0.284,1.458333333,0.981308411,1.590909091,1.621212121,0.106,1.047308411,11
307,5,0.099,0.148,0.147,275,0.157,1,0.404,1.585858586,1.060810811,1.068027211,1.006802721,0.1525,1.207810811,5
308,5,0.101,0.128,0.104,185.9922179,0.118,1,0.347,1.168316832,0.921875,1.134615385,1.230769231,0.123,1.025875,2
309,5,0.098,0.139,0.132,821.2765957,0.147,1,0.384,1.5,1.057553957,1.113636364,1.053030303,0.143,1.189553957,5
310,5,0.102,0.128,0.088,25.57420935,0.121,1,0.351,1.18627451,0.9453125,1.375,1.454545455,0.1245,1.0333125,1
311,3,0.085,0.124,0.101,167.8960346,0.128,1,0.337,1.505882353,1.032258065,1.267326733,1.227722772,0.126,1.133258065,6
312,7,0.11,0.145,0.137,170.5400459,0.16,1,0.415,1.454545455,1.103448276,1.167883212,1.058394161,0.1525,1.240448276,8
313,5,0.0945,0.1245,0.099,71.69845797,0.1265,1,0.3455,1.338624339,1.016064257,1.277777778,1.257575758,0.1255,1.115064257,10
314,3,0.089,0.139,0.128,71.69845797,0.138,1,0.366,1.550561798,0.992805755,1.078125,1.0859375,0.1385,1.120805755,10
315,5,0.1085,0.1355,0.107,66.31018405,0.1325,1,0.3765,1.221198157,0.977859779,1.238317757,1.26635514,0.134,1.084859779,10
316,3,0.079,0.114,0.091,140.7369783,0.118,1,0.311,1.493670886,1.035087719,1.296703297,1.252747253,0.116,1.126087719,9
317,3,0.062,0.104,0.083,183.2959499,0.095,1,0.261,1.532258065,0.913461538,1.144578313,1.253012048,0.0995,0.996461538,10
318,7,0.071,0.0995,0.065,183.2959499,0.1005,1,0.271,1.415492958,1.010050251,1.546153846,1.530769231,0.1,1.075050251,10
319,3,0.076,0.106,0.051,118.1486393,0.099,1,0.281,1.302631579,0.933962264,1.941176471,2.078431373,0.1025,0.984962264,11
320,7,0.059,0.0885,0.044,118.1486393,0.0875,1,0.235,1.483050847,0.988700565,1.988636364,2.011363636,0.088,1.032700565,11
321,3,0.088,0.122,0.06,128.4519723,0.117,1,0.327,1.329545455,0.959016393,1.95,2.033333333,0.1195,1.019016393,11
322,7,0.0625,0.085,0.0375,76.76576334,0.067,1,0.2145,1.072,0.788235294,1.786666667,2.266666667,0.076,0.825735294,2
323,7,0.0965,0.1255,0.122,115.3383661,0.141,1,0.363,1.461139896,1.123505976,1.155737705,1.028688525,0.13325,1.245505976,5
324,3,0.066,0.11,0.104,124.3717409,0.111,1,0.287,1.681818182,1.009090909,1.067307692,1.057692308,0.1105,1.113090909,10
325,3,0.073,0.106,0.079,364.4076561,0.107,1,0.286,1.465753425,1.009433962,1.35443038,1.341772152,0.1065,1.088433962,11
326,3,0.075,0.106,0.068,138.4738548,0.101,1,0.282,1.346666667,0.952830189,1.485294118,1.558823529,0.1035,1.020830189,11
327,5,0.074,0.099,0.075,138.4738548,0.1,1,0.273,1.351351351,1.01010101,1.333333333,1.32,0.0995,1.08510101,11
328,5,0.061,0.099,0.076,258.7919273,0.104,1,0.264,1.704918033,1.050505051,1.368421053,1.302631579,0.1015,1.126505051,10
329,3,0.06,0.098,0.061,258.7919273,0.104,1,0.262,1.733333333,1.06122449,1.704918033,1.606557377,0.101,1.12222449,10
330,3,0.074,0.11,0.074,152.4223327,0.107,1,0.291,1.445945946,0.972727273,1.445945946,1.486486486,0.1085,1.046727273,11
331,5,0.069,0.103,0.068,152.4223327,0.103,1,0.275,1.492753623,1,1.514705882,1.514705882,0.103,1.068,11
332,3,0.073,0.099,0.052,172.4549515,0.092,1,0.264,1.260273973,0.929292929,1.769230769,1.903846154,0.0955,0.981292929,11
333,5,0.069,0.095,0.045,900.0483181,0.074,1,0.238,1.072463768,0.778947368,1.644444444,2.111111111,0.0845,0.823947368,2
334,5,0.076,0.099,0.057,920.0480011,0.078,1,0.253,1.026315789,0.787878788,1.368421053,1.736842105,0.0885,0.844878788,2
335,5,0.07,0.102,0.08,850.0466892,0.09,1,0.262,1.285714286,0.882352941,1.125,1.275,0.096,0.962352941,4
336,3,0.069,0.105,0.096,620.0561913,0.105,1,0.279,1.52173913,1,1.09375,1.09375,0.105,1.096,7
337,3,0.071,0.11,0.08,351.9227122,0.113,1,0.294,1.591549296,1.027272727,1.4125,1.375,0.1115,1.107272727,9
338,5,0.071,0.108,0.081,351.9227122,0.108,1,0.287,1.521126761,1,1.333333333,1.333333333,0.108,1.081,9
339,3,0.058,0.089,0.043,770.0518224,0.085,1,0.232,1.465517241,0.95505618,1.976744186,2.069767442,0.087,0.99805618,11
340,3,0.062,0.099,0.068,458.4940047,0.098,1,0.259,1.580645161,0.98989899,1.441176471,1.455882353,0.0985,1.05789899,10
341,8,0.0785,0.111,0.0605,3486.324315,0.1065,1,0.296,1.356687898,0.959459459,1.760330579,1.834710744,0.10875,1.019959459,6
342,8,0.0725,0.116,0.0795,3525.724735,0.117,1,0.3055,1.613793103,1.00862069,1.471698113,1.459119497,0.1165,1.08812069,9
343,3,0.069,0.106,0.063,3399.603431,0.111,1,0.286,1.608695652,1.047169811,1.761904762,1.682539683,0.1085,1.110169811,10
344,3,0.063,0.096,0.053,3930.497677,0.094,1,0.253,1.492063492,0.979166667,1.773584906,1.811320755,0.095,1.032166667,10
345,3,0.071,0.097,0.044,3555.709276,0.095,1,0.263,1.338028169,0.979381443,2.159090909,2.204545455,0.096,1.023381443,11
346,8,0.0665,0.094,0.0335,3555.709276,0.0885,1,0.249,1.330827068,0.941489362,2.641791045,2.805970149,0.09125,0.974989362,11
347,8,0.065,0.09,0.0295,3760.240508,0.08,1,0.235,1.230769231,0.888888889,2.711864407,3.050847458,0.085,0.918388889,11
348,8,0.0425,0.0675,0.0215,394.0970131,0.0465,1,0.1565,1.094117647,0.688888889,2.162790698,3.139534884,0.057,0.710388889,3
349,8,0.073,0.099,0.055,289.4242327,0.088,1,0.26,1.205479452,0.888888889,1.6,1.8,0.0935,0.943888889,4
350,8,0.066,0.0985,0.0425,338.4389339,0.0915,1,0.256,1.386363636,0.92893401,2.152941176,2.317647059,0.095,0.97143401,10
351,3,0.064,0.097,0.044,363.0115765,0.094,1,0.255,1.46875,0.969072165,2.136363636,2.204545455,0.0955,1.013072165,10
352,8,0.1095,0.13,0.0755,458.7519659,0.112,1,0.3515,1.02283105,0.861538462,1.483443709,1.721854305,0.121,0.937038462,12
353,8,0.0705,0.1065,0.058,50.53886571,0.1095,1,0.2865,1.553191489,1.028169014,1.887931034,1.836206897,0.108,1.086169014,9
354,3,0.068,0.099,0.064,45.64691466,0.097,1,0.264,1.426470588,0.97979798,1.515625,1.546875,0.098,1.04379798,10
355,8,0.101,0.1405,0.1035,2778.059178,0.1485,1,0.39,1.47029703,1.056939502,1.434782609,1.357487923,0.1445,1.160439502,7
356,8,0.071,0.108,0.0585,2530.983684,0.1095,1,0.2885,1.542253521,1.013888889,1.871794872,1.846153846,0.10875,1.072388889,9
357,8,0.071,0.119,0.065,29.89113921,0.117,1,0.307,1.647887324,0.983193277,1.8,1.830769231,0.118,1.048193277,9
358,3,0.062,0.103,0.064,17.50004934,0.107,1,0.272,1.725806452,1.038834951,1.671875,1.609375,0.105,1.102834951,10
359,3,0.071,0.105,0.066,14.50008812,0.111,1,0.287,1.563380282,1.057142857,1.681818182,1.590909091,0.108,1.123142857,11
360,8,0.0735,0.105,0.052,14.50008812,0.1075,1,0.286,1.462585034,1.023809524,2.067307692,2.019230769,0.10625,1.075809524,11
361,3,0.048,0.074,0.034,1.500565329,0.06,1,0.182,1.25,0.810810811,1.764705882,2.176470588,0.067,0.844810811,3
362,8,0.086,0.112,0.0825,2.000513673,0.1025,1,0.3005,1.191860465,0.915178571,1.242424242,1.357575758,0.10725,0.997678571,4
363,3,0.062,0.095,0.07,2.000513673,0.087,1,0.244,1.403225806,0.915789474,1.242857143,1.357142857,0.091,0.985789474,4
364,8,0.0945,0.141,0.13,27.46593394,0.1345,1,0.37,1.423280423,0.953900709,1.034615385,1.084615385,0.13775,1.083900709,6
365,3,0.051,0.093,0.089,44.53511326,0.096,1,0.24,1.882352941,1.032258065,1.078651685,1.04494382,0.0945,1.121258065,10
366,3,0.062,0.096,0.08,17.54296945,0.097,1,0.255,1.564516129,1.010416667,1.2125,1.2,0.0965,1.090416667,10
367,5,0.082,0.121,0.135,324.4808312,0.139,2,0.342,1.695121951,1.148760331,1.02962963,0.896296296,0.13,1.283760331,9
368,5,0.069,0.116,0.116,408.4617532,0.133,2,0.318,1.927536232,1.146551724,1.146551724,1,0.1245,1.262551724,11
369,5,0.086,0.12,0.079,11.08875074,0.113,2,0.319,1.313953488,0.941666667,1.430379747,1.518987342,0.1165,1.020666667,1
370,5,0.085,0.138,0.139,38.64367246,0.155,2,0.378,1.823529412,1.123188406,1.115107914,0.992805755,0.1465,1.262188406,7
371,7,0.071,0.113,0.12,12.81768746,0.132,2,0.316,1.85915493,1.168141593,1.1,0.941666667,0.1225,1.288141593,10
372,3,0.075,0.121,0.111,12.81768746,0.135,2,0.331,1.8,1.115702479,1.216216216,1.09009009,0.128,1.226702479,10
373,5,0.087,0.125,0.127,10.77272727,0.138,2,0.35,1.586206897,1.104,1.086614173,0.984251969,0.1315,1.231,10
374,5,0.089,0.123,0.105,13.77278107,0.125,2,0.337,1.404494382,1.016260163,1.19047619,1.171428571,0.124,1.121260163,10
375,3,0.066,0.115,0.038,14.0529595,0.112,2,0.293,1.696969697,0.973913043,2.947368421,3.026315789,0.1135,1.011913043,10
376,3,0.059,0.102,0.096,90.79434851,0.099,2,0.26,1.677966102,0.970588235,1.03125,1.0625,0.1005,1.066588235,11
377,7,0.067,0.101,0.055,27.75757576,0.104,2,0.272,1.552238806,1.02970297,1.890909091,1.836363636,0.1025,1.08470297,11
378,3,0.072,0.108,0.047,27.75757576,0.103,2,0.283,1.430555556,0.953703704,2.191489362,2.29787234,0.1055,1.000703704,11
379,5,0.088,0.118,0.079,11.20046213,0.112,2,0.318,1.272727273,0.949152542,1.417721519,1.493670886,0.115,1.028152542,12
380,5,0.07,0.108,0.043,59.2491442,0.093,2,0.271,1.328571429,0.861111111,2.162790698,2.511627907,0.1005,0.904111111,12
381,8,0.117,0.152,0.14,657.4697201,0.159,2,0.428,1.358974359,1.046052632,1.135714286,1.085714286,0.1555,1.186052632,8
382,3,0.074,0.116,0.127,1182.833988,0.137,2,0.327,1.851351351,1.181034483,1.078740157,0.913385827,0.1265,1.308034483,8
383,8,0.079,0.13,0.101,208.4324909,0.145,2,0.354,1.835443038,1.115384615,1.435643564,1.287128713,0.1375,1.216384615,9
384,3,0.064,0.114,0.089,43.8862472,0.128,2,0.306,2,1.122807018,1.438202247,1.280898876,0.121,1.211807018,10
385,3,0.043,0.081,0.065,31.97637746,0.09,2,0.214,2.093023256,1.111111111,1.384615385,1.246153846,0.0855,1.176111111,10
386,3,0.058,0.1,0.065,17.99961836,0.105,2,0.263,1.810344828,1.05,1.615384615,1.538461538,0.1025,1.115,10
387,8,0.096,0.149,0.127,93.04498677,0.166,2,0.411,1.729166667,1.11409396,1.307086614,1.173228346,0.1575,1.24109396,8
388,8,0.072,0.124,0.104,85.74072535,0.129,2,0.325,1.791666667,1.040322581,1.240384615,1.192307692,0.1265,1.144322581,9
389,3,0.069,0.109,0.108,69.96950973,0.114,2,0.292,1.652173913,1.04587156,1.055555556,1.009259259,0.1115,1.15387156,10
390,7,0.092,0.13,0.122,53.11003898,0.143,2,0.365,1.554347826,1.1,1.172131148,1.06557377,0.1365,1.222,10
391,3,0.062,0.109,0.075,30.74896967,0.119,2,0.29,1.919354839,1.091743119,1.586666667,1.453333333,0.114,1.166743119,10
392,8,0.07,0.115,0.068,30.74896967,0.119,2,0.304,1.7,1.034782609,1.75,1.691176471,0.117,1.102782609,10
393,7,0.078,0.112,0.075,15.33659832,0.114,2,0.304,1.461538462,1.017857143,1.52,1.493333333,0.113,1.092857143,10
394,3,0.057,0.1,0.111,172.0960755,0.109,2,0.266,1.912280702,1.09,0.981981982,0.900900901,0.1045,1.201,10
395,8,0.113,0.163,0.128,172.0960755,0.157,2,0.433,1.389380531,0.963190184,1.2265625,1.2734375,0.16,1.091190184,10
396,3,0.061,0.103,0.126,119.5086604,0.103,2,0.267,1.68852459,1,0.817460317,0.817460317,0.103,1.126,10
397,2,0.145,0.175,0.142,118.8651557,0.182,2,0.502,1.255172414,1.04,1.281690141,1.232394366,0.1785,1.182,7
398,2,0.1095,0.132,0.1035,106.5591034,0.1415,2,0.383,1.292237443,1.071969697,1.367149758,1.275362319,0.13675,1.175469697,8
399,8,0.073,0.122,0.127,118.4069467,0.141,2,0.336,1.931506849,1.155737705,1.11023622,0.960629921,0.1315,1.282737705,8
400,3,0.061,0.114,0.077,389.1687997,0.126,4,0.301,2.06557377,1.105263158,1.636363636,1.480519481,0.12,1.182263158,8
401,3,0.093,0.141,0.116,358.9962857,0.158,4,0.392,1.698924731,1.120567376,1.362068966,1.215517241,0.1495,1.236567376,8
402,5,0.098,0.132,0.121,177.5426123,0.142,4,0.372,1.448979592,1.075757576,1.173553719,1.090909091,0.137,1.196757576,10
403,3,0.056,0.106,0.06,123.8731237,0.116,4,0.278,2.071428571,1.094339623,1.933333333,1.766666667,0.111,1.154339623,10
404,7,0.065,0.102,0.068,123.8731237,0.113,4,0.28,1.738461538,1.107843137,1.661764706,1.5,0.1075,1.175843137,10
405,3,0.082,0.126,0.071,111.6680109,0.131,4,0.339,1.597560976,1.03968254,1.845070423,1.774647887,0.1285,1.11068254,10
406,7,0.092,0.128,0.108,90.74773333,0.136,4,0.356,1.47826087,1.0625,1.259259259,1.185185185,0.132,1.1705,6
407,5,0.098,0.133,0.112,109.0381759,0.136,4,0.367,1.387755102,1.022556391,1.214285714,1.1875,0.1345,1.134556391,6
408,3,0.089,0.137,0.131,452.390053,0.16,4,0.386,1.797752809,1.167883212,1.221374046,1.045801527,0.1485,1.298883212,7
409,3,0.067,0.117,0.089,174.5917438,0.124,4,0.308,1.850746269,1.05982906,1.393258427,1.314606742,0.1205,1.14882906,10
410,7,0.094,0.127,0.102,174.5917438,0.139,4,0.36,1.478723404,1.094488189,1.362745098,1.245098039,0.133,1.196488189,10
411,3,0.079,0.123,0.084,158.1367907,0.128,4,0.33,1.620253165,1.040650407,1.523809524,1.464285714,0.1255,1.124650407,10
412,7,0.105,0.146,0.123,140.9722503,0.162,4,0.413,1.542857143,1.109589041,1.317073171,1.18699187,0.154,1.232589041,6
413,3,0.076,0.127,0.092,94.61924084,0.141,4,0.344,1.855263158,1.11023622,1.532608696,1.380434783,0.134,1.20223622,10
414,5,0.071,0.116,0.089,81.23607602,0.123,4,0.31,1.732394366,1.060344828,1.382022472,1.303370787,0.1195,1.149344828,10
415,3,0.086,0.133,0.103,81.23607602,0.139,4,0.358,1.61627907,1.045112782,1.349514563,1.291262136,0.136,1.148112782,10
416,5,0.095,0.139,0.115,235.568813,0.145,4,0.379,1.526315789,1.043165468,1.260869565,1.208695652,0.142,1.158165468,7
417,3,0.068,0.12,0.105,313.5717521,0.128,4,0.316,1.882352941,1.066666667,1.219047619,1.142857143,0.124,1.171666667,7
418,3,0.075,0.125,0.109,269.1992109,0.14,4,0.34,1.866666667,1.12,1.28440367,1.146788991,0.1325,1.229,7
419,3,0.073,0.116,0.107,374.4233143,0.125,4,0.314,1.712328767,1.077586207,1.168224299,1.08411215,0.1205,1.184586207,9
420,3,0.087,0.126,0.113,378.9365022,0.14,4,0.353,1.609195402,1.111111111,1.238938053,1.115044248,0.133,1.224111111,9
421,5,0.093,0.136,0.142,378.9365022,0.148,4,0.377,1.591397849,1.088235294,1.042253521,0.957746479,0.142,1.230235294,9
422,3,0.094,0.136,0.115,344.5175195,0.146,4,0.376,1.553191489,1.073529412,1.269565217,1.182608696,0.141,1.188529412,10
423,3,0.073,0.116,0.102,287.3985649,0.126,4,0.315,1.726027397,1.086206897,1.235294118,1.137254902,0.121,1.188206897,10
424,3,0.067,0.105,0.105,219.8360434,0.111,4,0.283,1.656716418,1.057142857,1.057142857,1,0.108,1.162142857,10
425,3,0.067,0.107,0.081,155.2203752,0.107,4,0.281,1.597014925,1,1.320987654,1.320987654,0.107,1.081,10
426,7,0.081,0.114,0.079,155.2203752,0.123,4,0.318,1.518518519,1.078947368,1.556962025,1.443037975,0.1185,1.157947368,10
427,3,0.086,0.138,0.112,594.110751,0.147,4,0.371,1.709302326,1.065217391,1.3125,1.232142857,0.1425,1.177217391,8
428,3,0.076,0.122,0.12,1060.716004,0.13,4,0.328,1.710526316,1.06557377,1.083333333,1.016666667,0.126,1.18557377,9
429,3,0.07,0.116,0.096,468.5855534,0.121,4,0.307,1.728571429,1.043103448,1.260416667,1.208333333,0.1185,1.139103448,10
430,3,0.08,0.117,0.072,754.2797277,0.12,4,0.317,1.5,1.025641026,1.666666667,1.625,0.1185,1.097641026,10
431,7,0.082,0.113,0.08,754.2797277,0.117,4,0.312,1.426829268,1.03539823,1.4625,1.4125,0.115,1.11539823,10
432,3,0.073,0.118,0.101,2277.523936,0.129,4,0.32,1.767123288,1.093220339,1.277227723,1.168316832,0.1235,1.194220339,9
433,8,0.111,0.154,0.131,1398.268969,0.163,4,0.428,1.468468468,1.058441558,1.244274809,1.175572519,0.1585,1.189441558,9
434,7,0.108,0.146,0.123,1500.594642,0.16,4,0.414,1.481481481,1.095890411,1.300813008,1.18699187,0.153,1.218890411,9
435,3,0.075,0.122,0.082,1532.825017,0.135,4,0.332,1.8,1.106557377,1.646341463,1.487804878,0.1285,1.188557377,10
436,3,0.076,0.123,0.068,879.7504805,0.129,4,0.328,1.697368421,1.048780488,1.897058824,1.808823529,0.126,1.116780488,10
437,3,0.081,0.127,0.088,2210.592179,0.138,4,0.346,1.703703704,1.086614173,1.568181818,1.443181818,0.1325,1.174614173,10
438,3,0.116,0.136,0.086,4123.71286,0.128,4,0.38,1.103448276,0.941176471,1.488372093,1.581395349,0.132,1.027176471,10
439,7,0.109,0.135,0.109,4123.71286,0.135,4,0.379,1.23853211,1,1.23853211,1.23853211,0.135,1.109,10
440,3,0.088,0.131,0.083,3344.00411,0.136,4,0.355,1.545454545,1.038167939,1.638554217,1.578313253,0.1335,1.121167939,10
441,8,0.095,0.131,0.075,284.7880087,0.126,4,0.352,1.326315789,0.961832061,1.68,1.746666667,0.1285,1.036832061,6
442,8,0.087,0.128,0.096,264.1868467,0.128,4,0.343,1.471264368,1,1.333333333,1.333333333,0.128,1.096,9
443,7,0.07,0.11,0.072,418.6385059,0.119,4,0.299,1.7,1.081818182,1.652777778,1.527777778,0.1145,1.153818182,9
444,3,0.081,0.12,0.068,418.6385059,0.121,4,0.322,1.49382716,1.008333333,1.779411765,1.764705882,0.1205,1.076333333,9
445,3,0.069,0.111,0.062,206.5978356,0.107,4,0.287,1.550724638,0.963963964,1.725806452,1.790322581,0.109,1.025963964,10
446,3,0.06,0.093,0.045,117.7857459,0.087,4,0.24,1.45,0.935483871,1.933333333,2.066666667,0.09,0.980483871,10
447,8,0.083,0.108,0.048,117.7857459,0.095,4,0.286,1.144578313,0.87962963,1.979166667,2.25,0.1015,0.92762963,10
448,3,0.071,0.118,0.156,815.4286333,0.137,4,0.326,1.929577465,1.161016949,0.878205128,0.756410256,0.1275,1.317016949,8
449,8,0.08,0.124,0.083,578.8523028,0.135,4,0.339,1.6875,1.088709677,1.626506024,1.493975904,0.1295,1.171709677,9
450,3,0.082,0.132,0.108,578.8523028,0.139,4,0.353,1.695121951,1.053030303,1.287037037,1.222222222,0.1355,1.161030303,9
451,8,0.066,0.105,0.073,370.1740947,0.103,4,0.274,1.560606061,0.980952381,1.410958904,1.438356164,0.104,1.053952381,10
452,3,0.062,0.106,0.124,370.1740947,0.101,4,0.269,1.629032258,0.952830189,0.814516129,0.85483871,0.1035,1.076830189,10
453,8,0.123,0.167,0.125,452.0355275,0.169,4,0.459,1.37398374,1.011976048,1.352,1.336,0.168,1.136976048,6
454,8,0.111,0.156,0.11,546.4118238,0.159,4,0.426,1.432432432,1.019230769,1.445454545,1.418181818,0.1575,1.129230769,7
455,7,0.134,0.159,0.143,1412.696258,0.166,4,0.459,1.23880597,1.044025157,1.160839161,1.111888112,0.1625,1.187025157,9
456,8,0.093,0.14,0.103,826.8732544,0.142,4,0.375,1.52688172,1.014285714,1.378640777,1.359223301,0.141,1.117285714,9
457,8,0.087,0.127,0.069,397.3563194,0.122,4,0.336,1.402298851,0.960629921,1.768115942,1.84057971,0.1245,1.029629921,10
458,7,0.111,0.136,0.105,502.0707193,0.139,4,0.386,1.252252252,1.022058824,1.323809524,1.295238095,0.1375,1.127058824,10
459,3,0.114,0.144,0.094,502.0707193,0.145,4,0.403,1.271929825,1.006944444,1.542553191,1.531914894,0.1445,1.100944444,10
460,7,0.106,0.149,0.136,511.4981453,0.158,4,0.413,1.490566038,1.060402685,1.161764706,1.095588235,0.1535,1.196402685,6
461,3,0.083,0.123,0.091,511.4981453,0.128,4,0.334,1.542168675,1.040650407,1.406593407,1.351648352,0.1255,1.131650407,6
462,3,0.095,0.14,0.122,1208.804209,0.151,4,0.386,1.589473684,1.078571429,1.237704918,1.147540984,0.1455,1.200571429,8
463,8,0.122,0.166,0.137,642.1721947,0.175,4,0.463,1.43442623,1.054216867,1.277372263,1.211678832,0.1705,1.191216867,8
464,3,0.082,0.125,0.106,287.8143969,0.13,4,0.337,1.585365854,1.04,1.226415094,1.179245283,0.1275,1.146,10
465,2,0.1325,0.15475,0.0685,199.3512762,0.13525,4,0.4225,1.020754717,0.873990307,1.974452555,2.259124088,0.145,0.942490307,6
466,7,0.094,0.135,0.112,438.6173501,0.143,4,0.372,1.521276596,1.059259259,1.276785714,1.205357143,0.139,1.171259259,6
467,3,0.088,0.129,0.101,457.2293866,0.139,4,0.356,1.579545455,1.07751938,1.376237624,1.277227723,0.134,1.17851938,7
468,2,0.10225,0.14475,0.099,442.4672563,0.157,4,0.404,1.535452323,1.08462867,1.585858586,1.462121212,0.150875,1.18362867,8
469,2,0.09575,0.13175,0.08225,454.2659977,0.13975,4,0.36725,1.459530026,1.060721063,1.699088146,1.601823708,0.13575,1.142971063,9
470,3,0.086,0.124,0.112,454.2659977,0.14,4,0.35,1.627906977,1.129032258,1.25,1.107142857,0.132,1.241032258,9
471,8,0.086,0.126,0.094,454.2659977,0.134,4,0.346,1.558139535,1.063492063,1.425531915,1.340425532,0.13,1.157492063,9
